"Nom","Téléphone","Adresse","Adresse2","CODE POSTAL","VILLE","Burger Original","Burger Sésame","Burger Poulet","Burger Bacon","Végé Creton Traditionnel","Végé Creton Blé","Végé Creton Blé Fines Herbes ","Végé Creton Fines-Herbes","Végé Pâté Traditionnel","Végé Pâté Méditerranéen","Végé Pâté Pesto",,,,,,,,,,,
"Épicerie-Santé L'Heptade","(418) 835-3191","5350,  Boul. Guillaume-Couture, Lévis, G6V 4Z2","5350,  Boul. Guillaume-Couture","G6V 4Z2","Lévis","En magasin","En magasin"," "," ","En magasin"," "," "," "," "," "," ",,,,,,"","","","","",""
"La Chaudronnée","(418) 603-3915","1201 rue Charles-Rodrigue, Lévis, G6W 1N0","1201 rue Charles-Rodrigue","G6W 1N0","Lévis"," "," "," "," ","En magasin"," "," ","En magasin","En magasin"," "," ",,,,,,,,,,,
"Avril","(418) 903-5454","1218 rue de la Concorde, Lévis, G6W0M7","1218 rue de la Concorde","G6W0M7","Lévis","En magasin","En magasin"," ","En magasin","En magasin"," "," ","En magasin","En magasin","En magasin","En magasin",,,,,,,,,,,
"Produits Santé L.D.","(418) 837-2340","1200, Alphonse-Desjardins, Lévis, G6V 6Y8","1200, Alphonse-Desjardins","G6V 6Y8","Lévis","En magasin"," ","En magasin","En magasin","En magasin"," "," "," "," ","En magasin"," ",,,,,,,,,,,
"Grandeur-Nature","(418) 248-8897","100 Rue Saint Thomas, Montmagny, G5V 1M1","100 Rue Saint Thomas","G5V 1M1","Montmagny","En magasin"," "," "," ","En magasin","En magasin"," "," "," "," "," ",,,,,,,,,,,
"Clinique Denyse Lessard","(418) 387-3932","450 Boulevard Vachon, Sainte-Marie, G6E 1M1","450 Boulevard Vachon","G6E 1M1","Sainte-Marie"," "," "," "," ","En magasin"," "," ","En magasin","En magasin"," "," ",,,,,,,,,,,
"Vivre au Naturel","(418) 387-7170","85 Rue Notre Dame, Sainte-Marie, G6E 3Z4","85 Rue Notre Dame","G6E 3Z4","Sainte-Marie"," "," "," "," ","En magasin"," "," "," ","En magasin"," "," ",,,,,,,,,,,
"Naturo Santé","(418) 228-9735","8585 Boulevard Lacroix, Saint-Georges, G5Y 5L6","8585 Boulevard Lacroix","G5Y 5L6","Saint-Georges"," ","En magasin"," "," ","En magasin"," "," ","En magasin"," "," "," ",,,,,,,,,,,
"Le Jardin des Sages","(418) 228-0317","10435 1er avenu, Saint-Georges, G5Y 6X8","10435 1er avenu","G5Y 6X8","Saint-Georges","En magasin"," ","En magasin"," ","En magasin"," "," ","En magasin","En magasin"," "," ",,,,,,,,,,,
"La Prèle des champs","(418) 338-8088","1081 Rue Johnson, Thetford Mines, G6G 5W7","1081 Rue Johnson","G6G 5W7","Thetford Mines"," ","En magasin"," "," ","En magasin"," "," "," "," "," "," ",,,,,,,,,,,
"Provigo","(819) 868-8630","1350 Rue Sherbrooke, Magog, J1X 2T3","1350 Rue Sherbrooke","J1X 2T3","Magog"," ","En magasin"," "," ","En magasin"," "," "," ","En magasin"," "," ",,,,,,,,,,,
"Avril","(819) 742-0200","2385 rue Principale, Magog, J1X 0J4","2385 rue Principale","J1X 0J4","Magog","En magasin","En magasin","En magasin","En magasin","En magasin"," "," ","En magasin","En magasin","En magasin","En magasin",,,,,,,,,,,
"Métro","(819) 843-9202 ","460 Rue Saint-Patrice Ouest, Magog, J1X 1W9","460 Rue Saint-Patrice Ouest","J1X 1W9","Magog"," ","En magasin","En magasin","En magasin","En magasin"," "," "," ","En magasin"," "," ",,,,,,,,,,,
"Le Marché Végétarien Magog","(819) 843-4419 ","930 Rue Principale , Magog, J1X 2B6","930 Rue Principale ","J1X 2B6","Magog","En magasin","En magasin","En magasin","En magasin","En magasin"," "," ","En magasin","En magasin","En magasin"," ",,,,,,,,,,,
"Coopérative d'Alentour","(819) 562-3443 ","4740 Boulevard Industriel, Sherbrooke, J1L 3A3","4740 Boulevard Industriel","J1L 3A3","Sherbrooke","En magasin","En magasin","En magasin"," ","En magasin"," "," ","En magasin"," "," "," ",,,,,,,,,,,
"Coopérative La Grande Ruche","(819) 562-9973 ","25 Rue Bryant, Sherbrooke, J1J 3E5","25 Rue Bryant","J1J 3E5","Sherbrooke","En magasin","En magasin","En magasin","En magasin","En magasin"," "," ","En magasin","En magasin"," "," ",,,,,,,,,,,
"Le Silo Épicerie Bio-Vrac","(819) 791-9776","385 rue King, Sherbrooke, J1G 1B4","385 rue King","J1G 1B4","Sherbrooke"," "," "," "," ","En magasin"," "," "," ","En magasin","En magasin","En magasin",,,,,,,,,,,
"IGA EXtra","(819) 564-8686","775 rue Galt ouest, Sherbrooke, J1H 1Z1","775 rue Galt ouest","J1H 1Z1","Sherbrooke"," "," "," "," ","En magasin"," "," "," ","En magasin"," "," ",,,,,,,,,,,
"Le Marché Végétarien","(819) 823-7646 ","50 Boulevard Jacques-Cartier N, Sherbrooke, J1J 2Z8","50 Boulevard Jacques-Cartier N","J1J 2Z8","Sherbrooke","En magasin","En magasin","En magasin","En magasin","En magasin"," "," ","En magasin","En magasin","En magasin"," ",,,,,,,,,,,
"Le Marché Végétarien","(819) 821-2318 ","777 Rue King E, Sherbrooke, J1G 1C6","777 Rue King E","J1G 1C6","Sherbrooke","En magasin","En magasin","En magasin","En magasin","En magasin"," "," ","En magasin","En magasin","En magasin"," ",,,,,,,,,,,
"Marché des Saveurs Gaspésienne","(418) 368-7705 ","119 Rue de la Reine, Gaspé, G4X 1T5","119 Rue de la Reine","G4X 1T5","Gaspé"," "," "," "," ","En magasin"," "," "," ","En magasin"," "," ",,,,,,,,,,,
"L'Intégrale","(418) 392-4100 ","151 Chemin Cyr, New Richmond, G0C 2B0","151 Chemin Cyr","G0C 2B0","New Richmond"," ","En magasin"," ","En magasin","En magasin"," "," "," ","En magasin"," "," ",,,,,,,,,,,
"Alimentation Naturelle","(450) 753-4431 ","433 Rue Saint Viateur, Joliette, J6E 3A9","433 Rue Saint Viateur","J6E 3A9","Joliette"," "," "," ","En magasin","En magasin"," "," "," ","En magasin"," "," ",,,,,,,,,,,
"Arc en Vrac","(450) 755-3094 ","546 Bd Manseau, Joliette, J6E 3E2","546 Bd Manseau","J6E 3E2","Joliette"," ","En magasin","En magasin","En magasin","En magasin"," ","En magasin"," ","En magasin"," "," ",,,,,,,,,,,
"Métro","(450) 759-8731 ","180 Rue Beaudry N, Joliette, J6E 6A6","180 Rue Beaudry N","J6E 6A6","Joliette"," "," "," "," ","En magasin"," "," "," ","En magasin"," "," ",,,,,,,,,,,
"Citron que c'est bon!","(450) 474-2911 ","790 Montée Masson, Mascouche, J7K 3B6","790 Montée Masson","J7K 3B6","Mascouche"," "," "," "," ","En magasin"," "," ","En magasin"," ","En magasin"," ",,,,,,,,,,,
"Metro","(450) 834-2561 ","3528 Rue Metcalfe, Rawdon, J0K 1S0","3528 Rue Metcalfe","J0K 1S0","Rawdon"," "," "," "," ","En magasin"," "," "," ","En magasin"," "," ",,,,,,,,,,,
"La Ruche","(450) 585-4351 ","375 Rue Notre-Dame, Repentigny, J6A 2S8","375 Rue Notre-Dame","J6A 2S8","Repentigny","En magasin"," ","En magasin"," ","En magasin"," "," ","En magasin","En magasin","En magasin"," ",,,,,,,,,,,
"Notre-Dame Nature","(450) 582-1777 ","104 Boulevard Industriel, Repentigny, J6A 4X6","104 Boulevard Industriel","J6A 4X6","Repentigny"," "," "," "," ","En magasin"," "," ","En magasin","En magasin","En magasin","En magasin",,,,,,,,,,,
"Cochon Fou","(450) 824-3144","144 Rue Chapeleau, Terrebone, J6W 2T1","144 Rue Chapeleau","J6W 2T1","Terrebone"," "," "," "," ","En magasin"," "," ","En magasin","En magasin"," "," ",,,,,,,,,,,
"Au Naturel","(450) 492-9766 ","558 Montée Masson, Terrebone, J6W 3B1","558 Montée Masson","J6W 3B1","Terrebone"," "," "," "," ","En magasin"," "," ","En magasin","En magasin","En magasin"," ",,,,,,,,,,,
"Dumais L Fruits & Légumes","(506) 759-7606 ","82 Roseberry St, Campbellton, E3N 2G8","82 Roseberry St","E3N 2G8","Campbellton","En magasin","En magasin"," "," ","En magasin"," "," "," ","En magasin"," "," ",,,,,,,,,,,
"Santé et Cetera","(506) 735-5677 ","121 Rue de l'Église, Edmundston, E3V 1J9","121 Rue de l'Église","E3V 1J9","Edmundston"," "," "," "," ","En magasin"," "," "," "," "," "," ",,,,,,,,,,,
"L'Amie de la Santé","(613) 632-2997 ","230 Main St E, Hawkesbury, K6A 1A5","230 Main St E","K6A 1A5","Hawkesbury"," "," "," "," ","En magasin"," "," "," ","En magasin"," "," ",,,,,,,,,,,
"Market Organics","(613) 241-6629 ","126 York St, Ottawa, K1N 5T5","126 York St","K1N 5T5","Ottawa"," "," "," "," ","En magasin"," "," ","En magasin","En magasin","En magasin"," ",,,,,,,,,,,
"Coop IGA Amos","(819) 732-5281 ","421 12e Av E, Amos, J9T 3H1","421 12e Av E","J9T 3H1","Amos"," "," "," "," ","En magasin"," "," "," ","En magasin"," "," ",,,,,,,,,,,
"La Semence","(819) 762-8918 ","119 7e Rue, Rouyn-Noranda, J9X 1Z8","119 7e Rue","J9X 1Z8","Rouyn-Noranda"," "," "," "," ","En magasin"," "," ","En magasin","En magasin","En magasin"," ",,,,,,,,,,,
"Coop Aline","(418) 723-0355 ","9 Rue Saint Germain, Rimouski, G5L 4B6","9 Rue Saint Germain","G5L 4B6","Rimouski","En magasin"," ","En magasin","En magasin","En magasin"," "," ","En magasin","En magasin"," "," ",,,,,,,,,,,
"Épicerie Santé VitaliPlus","(418) 871-3229 ","7492 Wilfrid-Hamel Blvd, Québec, G2G 1C1","7492 Wilfrid-Hamel Blvd","G2G 1C1","Québec"," ","En magasin"," "," ","En magasin"," "," "," ","En magasin","En magasin"," ",,,,,,,,,,,
"Vitavie Au Naturel","(418) 667-0070 "," 3333 Rue du Carrefour,, Québec, G1C 5R9"," 3333 Rue du Carrefour,","G1C 5R9","Québec"," ","En magasin","En magasin","En magasin","En magasin"," "," ","En magasin","En magasin"," "," ",,,,,,,,,,,
"Le Crac","(418) 647-6881 ","690 Rue Saint-Jean, Québec, G1R 1P8","690 Rue Saint-Jean","G1R 1P8","Québec"," "," "," "," ","En magasin"," "," ","En magasin","En magasin"," "," ",,,,,,,,,,,
"La Rosalie Inc","(418) 683-1936 ","1646 Chemin Saint-Louis, Québec, G1S 1G8","1646 Chemin Saint-Louis","G1S 1G8","Québec"," "," "," "," "," "," "," "," "," "," "," ",,,,,,,,,,,
"Giroflée (La)","(418) 658-7780 ","3320 Ch Ste-Foy, Québec, G1X 1S3","3320 Ch Ste-Foy","G1X 1S3","Québec"," "," "," "," ","En magasin"," "," "," ","En magasin"," "," ",,,,,,,,,,,
"Épicerie J.A. Moisan","(418) 522-0685 ","699 Rue Saint-Jean, Québec, G1R 1P7","699 Rue Saint-Jean","G1R 1P7","Québec"," "," "," "," ","En magasin","En magasin"," "," "," "," "," ",,,,,,,,,,,
"Marché Richelieu","(418) 658-6215","2485 Chemin St-Louis, Québec, G1T 1R9","2485 Chemin St-Louis","G1T 1R9","Québec"," "," "," "," ","En magasin"," "," ","En magasin"," "," "," ",,,,,,,,,,,
"L'Intermarché","(418) 523-4592","435 rue St-Vallier, Québec, G1K 1K9","435 rue St-Vallier","G1K 1K9","Québec","En magasin","En magasin","En magasin","En magasin","En magasin","En magasin","En magasin","En magasin","En magasin","En magasin","En magasin",,,,,,,,,,,
"Intermarché St-Roch","(418)522-4447","272 rue St-Joseph, Québec, G1K 3A9","272 rue St-Joseph","G1K 3A9","Québec","En magasin","En magasin","En magasin","En magasin","En magasin"," "," ","En magasin","En magasin","En magasin","En magasin",,,,,,,,,,,
"Rachelle-Béry, épiceries santé","(418) 651-3262 ","2700 Boulevard Laurier, Québec , G1V 2L8","2700 Boulevard Laurier","G1V 2L8","Québec ","En magasin","En magasin","En magasin","En magasin","En magasin"," "," ","En magasin","En magasin"," "," ",,,,,,,,,,,
"Avril","(418) 425-0255","1033 rue des Recailles, Québec, G2K 0L4","1033 rue des Recailles","G2K 0L4","Québec","En magasin","En magasin","En magasin","En magasin","En magasin"," "," ","En magasin","En magasin","En magasin","En magasin",,,,,,,,,,,
"IGA","(418) 622-5262","5555 boul. Des Gradins, Québec, G2J 1C8","5555 boul. Des Gradins","G2J 1C8","Québec"," "," "," ","En magasin"," "," "," ","En magasin"," "," "," ",,,,,,,,,,,
"Roset Inc","(418)527-2016","1368 av. Maguire, Québec, G1T 1Z3","1368 av. Maguire","G1T 1Z3","Québec","En magasin"," "," ","En magasin"," "," "," ","En magasin"," "," "," ",,,,,,,,,,,
"Le Jardin Mobile","(418) 653-2428","2500 chemin des Quatres Bourgeois, Québec, G1V 4P9","2500 chemin des Quatres Bourgeois","G1V 4P9","Québec","En magasin","En magasin","En magasin"," ","En magasin"," "," ","En magasin","En magasin","En magasin"," ",,,,,,,,,,,
"Le Jardin Mobile","(418) 634-5551","625 boul. Le Bourgneuf, Québec, G2J 1C3","625 boul. Le Bourgneuf","G2J 1C3","Québec","En magasin","En magasin","En magasin","En magasin","En magasin"," "," ","En magasin","En magasin","En magasin"," ",,,,,,,,,,,
"Le Jardin Mobile","(418_529-5674","1191 Av. Cartier, Québec, G1R 2S9","1191 Av. Cartier","G1R 2S9","Québec","En magasin","En magasin","En magasin","En magasin","En magasin"," "," ","En magasin","En magasin","En magasin"," ",,,,,,,,,,,
"AlimenteX","(418) 529-7988 ","1188 1 Av, Québec , G1L 3K8","1188 1 Av","G1L 3K8","Québec ","En magasin"," "," "," ","En magasin","En magasin","En magasin","En magasin","En magasin"," "," ",,,,,,,,,,,
"Provigo Le Marché","(418) 622-7070 ","4545 Boulevard Henri-Bourassa, Québec, G1H 7L9","4545 Boulevard Henri-Bourassa","G1H 7L9","Québec"," ","En magasin"," "," ","En magasin"," "," "," ","En magasin"," "," ",,,,,,,,,,,
"Le Jardin Mobile","(418)657-7717","3440Rue de la Pérade, Ste-Foy, G1X 2L7","3440Rue de la Pérade","G1X 2L7","Ste-Foy"," "," ","En magasin"," ","En magasin"," "," ","En magasin","En magasin"," "," ",,,,,,,,,,,
"O Tournesol","(418) 873-1233 ","163 Rue du Collège, Pont-Rouge, G3H 3B3","163 Rue du Collège","G3H 3B3","Pont-Rouge"," "," "," "," ","En magasin"," "," "," "," "," "," ",,,,,,,,,,,
"Panier Santé Gentilly","(819) 298-4343 ","1225 Avenue des Hirondelles, Bécancour, G9H 4L5","1225 Avenue des Hirondelles","G9H 4L5","Bécancour"," "," "," "," ","En magasin"," "," "," ","En magasin","En magasin"," ",,,,,,,,,,,
"Panier Santé","(819) 478-2387 ","303 Rue Lindsay, Drummondville, J2B 1G4","303 Rue Lindsay","J2B 1G4","Drummondville"," "," "," "," ","En magasin"," "," "," ","En magasin"," "," ",,,,,,,,,,,
"L'Odika L'Épicier","(819) 479-8823 ","1116 Boulevard Saint-Joseph, Drummondville, J2C 2C7","1116 Boulevard Saint-Joseph","J2C 2C7","Drummondville"," ","En magasin"," "," ","En magasin"," "," "," ","En magasin"," ","En magasin",,,,,,,,,,,
"Au Poivre Noir","(819) 399-3102 ","440 Rue Principale, Saint-Léonard-d'Aston, J0C 1M0","440 Rue Principale","J0C 1M0","Saint-Léonard-d'Aston"," ","En magasin"," "," ","En magasin"," "," "," ","En magasin"," ","En magasin",,,,,,,,,,,
"La Manne, l'épicerie santé","(819) 758-1211 ","194 Notre-Dame St, Victoriaville, G6P 4A1","194 Notre-Dame St","G6P 4A1","Victoriaville","En magasin","En magasin","En magasin","En magasin","En magasin"," "," ","En magasin","En magasin","En magasin","En magasin",,,,,,,,,,,
"Escompte Fruits et Cie","(819) 752-6776 ","650 Boulevard Jutras, Victoriaville, G6S 1E2","650 Boulevard Jutras","G6S 1E2","Victoriaville","En magasin","En magasin","En magasin","En magasin","En magasin"," "," ","En magasin","En magasin","En magasin"," ",,,,,,,,,,,
"Vogel Produits naturels","(450) 432-3388 ","2112 Boulevard du Curé-Labelle, Saint-Jérôme, J7Y 1S8","2112 Boulevard du Curé-Labelle","J7Y 1S8","Saint-Jérôme"," ","En magasin"," "," ","En magasin"," "," ","En magasin","En magasin"," "," ",,,,,,,,,,,
"Fluide Bar à jus","(819) 681-4681","1000 Chemin des Voyageurs, Mont-Tremblant, J8E 1T1","1000 Chemin des Voyageurs","J8E 1T1","Mont-Tremblant"," "," "," "," "," "," "," "," ","En magasin"," ","En magasin",,,,,,,,,,,
"Rosee Inc (La)","(819) 681-7447 ","856 Rue de Saint Jovite, Mont-Tremblant, J8E 3J8","856 Rue de Saint Jovite","J8E 3J8","Mont-Tremblant"," "," "," "," ","En magasin"," "," ","En magasin","En magasin"," "," ",,,,,,,,,,,
"Boutique La Source","(819) 275-7667 ","508 Rue L'Annonciation, Rivière-Rouge, J0T 1T0","508 Rue L'Annonciation","J0T 1T0","Rivière-Rouge"," "," "," "," ","En magasin"," "," "," ","En magasin"," "," ",,,,,,,,,,,
"Bourassa Alimentation","(819) 326-1707 ","680 Rue Principale, Sainte-Agathe-des-Monts, J8C 1L3","680 Rue Principale","J8C 1L3","Sainte-Agathe-des-Monts","En magasin","En magasin","En magasin","En magasin","En magasin"," "," "," ","En magasin","En magasin"," ",,,,,,,,,,,
"IGA","(450)435-5500","450 rue Blainville, Sainte-Thérèse, J7E 1N9","450 rue Blainville","J7E 1N9","Sainte-Thérèse"," "," "," "," ","En magasin"," "," "," ","En magasin"," "," ",,,,,,,,,,,
"La Moisson","(450) 437-3326 ","360 Rue Sicard, Sainte-Thérèse, J7E 3X4","360 Rue Sicard","J7E 3X4","Sainte-Thérèse","En magasin","En magasin","En magasin","En magasin","En magasin"," "," ","En magasin","En magasin","En magasin","En magasin",,,,,,,,,,,
"Potager","(450) 472-7776 ","539 Boulevard Arthur-Sauvé, Saint-Eustache, J7P 4X5","539 Boulevard Arthur-Sauvé","J7P 4X5","Saint-Eustache"," "," "," "," ","En magasin"," "," ","En magasin","En magasin","En magasin"," ",,,,,,,,,,,
"IGA LamoureuX","(450) 491-8228 ","3765 Chemin d'Oka, Saint-Joseph-du-Lac, J0N 1M0","3765 Chemin d'Oka","J0N 1M0","Saint-Joseph-du-Lac","En magasin","En magasin","En magasin","En magasin","En magasin"," "," ","En magasin","En magasin","En magasin","En magasin",,,,,,,,,,,
"Provigo","(450) 227-2827 ","50 Rue St-Denis, Saint-Sauveur, J0R 1R4","50 Rue St-Denis","J0R 1R4","Saint-Sauveur"," ","En magasin"," "," ","En magasin"," "," "," ","En magasin"," "," ",,,,,,,,,,,
"Rachelle Béry","(450) 227-3343 ","377 Rue Principale, Saint-Sauveur, J0R 1R0","377 Rue Principale","J0R 1R0","Saint-Sauveur","En magasin","En magasin","En magasin","En magasin","En magasin"," "," ","En magasin","En magasin","En magasin","En magasin",,,,,,,,,,,
"MaXi & Cie","(450) 663-3999 ","2090 Boulevard des Laurentides , Laval, H7M 2Y6","2090 Boulevard des Laurentides ","H7M 2Y6","Laval"," ","En magasin"," "," ","En magasin"," "," "," ","En magasin"," "," ",,,,,,,,,,,
"IGA","(450) 963-1072","380 boul. Curé Labelle, Laval, H7L 4T7","380 boul. Curé Labelle","H7L 4T7","Laval"," "," "," "," ","En magasin"," "," ","En magasin","En magasin"," "," ",,,,,,,,,,,
"Adonis","(450) 665-8801","2655 Av. Aristocrates, Laval, H7E 0H3","2655 Av. Aristocrates","H7E 0H3","Laval","En magasin","En magasin","En magasin","En magasin","En magasin"," "," ","En magasin","En magasin","En magasin","En magasin",,,,,,,,,,,
"IGA ","(450) 934-9044","1535 boul. Corbusier, Laval, H7S 1Z3","1535 boul. Corbusier","H7S 1Z3","Laval"," "," "," "," ","En magasin"," "," ","En magasin","En magasin"," "," ",,,,,,,,,,,
"Metro","(450) 687-8233 ","1100 Boulevard de l'Avenir, Laval, H7N 6L2","1100 Boulevard de l'Avenir","H7N 6L2","Laval"," "," "," "," ","En magasin"," "," "," ","En magasin"," "," ",,,,,,,,,,,
"Les Marchés Tau","(450) 978-5533 ","3216 Boulevard Saint-Martin, Laval, H7T 1A1","3216 Boulevard Saint-Martin","H7T 1A1","Laval","En magasin","En magasin","En magasin","En magasin","En magasin"," "," ","En magasin","En magasin","En magasin","En magasin",,,,,,,,,,,
"Grand'Mère Nature","(819) 538-2895 ","830 Avenue de Grand-Mère, Grand-Mère, G9T 2J1","830 Avenue de Grand-Mère","G9T 2J1","Grand-Mère"," ","En magasin"," "," ","En magasin"," "," "," ","En magasin"," "," ",,,,,,,,,,,
"Provigo","(819) 374-8980 ","3725 Boulevard des Forges, Trois-Rivières, G8Y 4P2","3725 Boulevard des Forges","G8Y 4P2","Trois-Rivières"," ","En magasin"," "," ","En magasin"," "," "," ","En magasin"," "," ",,,,,,,,,,,
"Panier Santé","(819) 694-4441 ","65 Boulevard Ste Madeleine, Trois-Rivières, G8T 3K8","65 Boulevard Ste Madeleine","G8T 3K8","Trois-Rivières","En magasin"," "," "," ","En magasin"," "," ","En magasin","En magasin","En magasin","En magasin",,,,,,,,,,,
"La Petite Meunière Inc","(819) 379-6096 ","135 Rue Fusey, Trois-Rivières, G8T 2V6","135 Rue Fusey","G8T 2V6","Trois-Rivières","En magasin","En magasin"," "," ","En magasin"," "," "," ","En magasin","En magasin"," ",,,,,,,,,,,
"Le Marché Végétarien","(819) 372-9730 ","3960 Boulevard des Forges, Trois-Rivières, G8Y 1V7","3960 Boulevard des Forges","G8Y 1V7","Trois-Rivières","En magasin","En magasin","En magasin","En magasin","En magasin"," "," ","En magasin","En magasin","En magasin"," ",,,,,,,,,,,
"Rachelle Béry","(45) 906-4100","100 boul. De la Mortagne, Boucherville, J4B 5M7","100 boul. De la Mortagne","J4B 5M7","Boucherville"," "," "," "," ","En magasin"," "," ","En magasin","En magasin"," "," ",,,,,,,,,,,
"Valmont","(450) 655-3821 ","504 Rue Albanel, Boucherville, J4B 2Z6","504 Rue Albanel","J4B 2Z6","Boucherville","En magasin"," "," "," ","En magasin"," "," ","En magasin","En magasin","En magasin"," ",,,,,,,,,,,
"Marché Adonis","(450) 656-9595 ","8880 Boulevard Leduc, Brossard, J4Y 0G4","8880 Boulevard Leduc","J4Y 0G4","Brossard","En magasin"," "," "," ","En magasin"," "," ","En magasin","En magasin","En magasin","En magasin",,,,,,,,,,,
"Avril","(450) 443-4127 ","8600 Boulevard Leduc, Brossard, J4Y 0G6","8600 Boulevard Leduc","J4Y 0G6","Brossard","En magasin","En magasin"," ","En magasin","En magasin"," "," ","En magasin","En magasin","En magasin","En magasin",,,,,,,,,,,
"Les Marchés Tau","(450) 443-9922 ","6845 Taschereau Blvd, Brossard, J4Z 1A7","6845 Taschereau Blvd","J4Z 1A7","Brossard","En magasin","En magasin","En magasin","En magasin","En magasin"," "," ","En magasin","En magasin","En magasin","En magasin",,,,,,,,,,,
"Oasis Santé L'Epicerie","(450) 403-3388 ","1706 Avenue Bourgogne, Chambly, J3L 1Z2","1706 Avenue Bourgogne","J3L 1Z2","Chambly"," "," "," "," ","En magasin"," "," "," "," "," "," ",,,,,,,,,,,
"Verveine & Cie","(450) 266-4242 ","101 Rue Albert, Cowansville, J2K 2W4","101 Rue Albert","J2K 2W4","Cowansville"," "," "," "," ","En magasin"," "," "," "," ","En magasin"," ",,,,,,,,,,,
"Provigo","(450) 638-5041 ","31 Boulevard Georges-Gagné, Delson, J5B 2E4","31 Boulevard Georges-Gagné","J5B 2E4","Delson"," ","En magasin"," "," ","En magasin"," "," "," ","En magasin"," "," ",,,,,,,,,,,
"Jardin du Mont","(450) 375-3941 ","252 Rue Denison, Granby, J2H 2R6","252 Rue Denison","J2H 2R6","Granby","En magasin","En magasin","En magasin","En magasin","En magasin"," "," ","En magasin","En magasin"," "," ",,,,,,,,,,,
"Jardin du Mont","(450) 375-3941 ","794 Rue Principale, Granby, J2G 2Y7","794 Rue Principale","J2G 2Y7","Granby","En magasin","En magasin","En magasin","En magasin","En magasin"," "," ","En magasin","En magasin","En magasin"," ",,,,,,,,,,,
"Avril","(450) 375-6446","11 Rue Évangéline, Granby, J2G 6N3","11 Rue Évangéline","J2G 6N3","Granby"," ","En magasin","En magasin","En magasin","En magasin"," "," ","En magasin","En magasin"," ","En magasin",,,,,,,,,,,
"Provigo","(450) 777-2875 ","80 Rue Saint-Jude, Granby, J2J 2T7","80 Rue Saint-Jude","J2J 2T7","Granby"," "," "," "," ","En magasin"," "," "," ","En magasin"," "," ",,,,,,,,,,,
"IGA","(514) 453-3027 ","110 Boulevard Don-Quichotte, L'Île-Perrot, J7V 6L7","110 Boulevard Don-Quichotte","J7V 6L7","L'Île-Perrot"," "," "," "," ","En magasin"," "," "," ","En magasin"," "," ",,,,,,,,,,,
"Fruits et Légumes Taschereau","(450) 659-6449 ","559 Chemin de Saint-Jean, La Prairie, J5R 2L2","559 Chemin de Saint-Jean","J5R 2L2","La Prairie"," "," "," "," ","En magasin"," "," "," "," "," "," ",,,,,,,,,,,
"Panier Sante ","(450) 659-6451 ","50 Taschereau Blvd, La Prairie, J5R 1S8","50 Taschereau Blvd","J5R 1S8","La Prairie"," "," "," "," ","En magasin"," "," "," ","En magasin"," ","En magasin",,,,,,,,,,,
"Avril","(450) 448-5515 ","1185 Chemin du Tremblay, Longueuil, J4N 1R4","1185 Chemin du Tremblay","J4N 1R4","Longueuil","En magasin","En magasin","En magasin","En magasin","En magasin"," "," ","En magasin","En magasin","En magasin"," ",,,,,,,,,,,
"Provigo","(450) 647-1717 ","1150 Rue King-George, Longueuil, J4N 1P3","1150 Rue King-George","J4N 1P3","Longueuil"," ","En magasin"," "," ","En magasin"," "," "," ","En magasin"," "," ",,,,,,,,,,,
"Les Aliments Naturels L'Eau Vive","(450) 464-5767 ","248 St Georges, Mont-Saint-Hilaire, J3H 2Y1","248 St Georges","J3H 2Y1","Mont-Saint-Hilaire","En magasin","En magasin","En magasin","En magasin","En magasin"," "," ","En magasin","En magasin"," "," ",,,,,,,,,,,
"L'Herbier","(450) 443-2978","6215 route Marie Victorin, Sorel-Tracy, J3R 1S1","6215 route Marie Victorin","J3R 1S1","Sorel-Tracy"," ","En magasin"," ","En magasin"," "," "," "," "," "," "," ",,,,,,,,,,,
"Vogel","(450) 742-6294","300 Boulevard Fiset, Sorel-Tracy, J3P 3R1","300 Boulevard Fiset","J3P 3R1","Sorel-Tracy"," "," "," "," ","En magasin"," "," ","En magasin"," "," "," ",,,,,,,,,,,
"Aliments Panier Sante St-Jean","(450) 347-3122 ","145 Boulevard St Joseph, Saint-Jean-sur-Richelieu, J3B 1W5","145 Boulevard St Joseph","J3B 1W5","Saint-Jean-sur-Richelieu"," "," "," "," ","En magasin"," "," ","En magasin","En magasin"," ","En magasin",,,,,,,,,,,
"Boulangerie Bissonnette","(450) 346-6496","251 rue Champlain, Saint-Jean-sur-Richelieu, J3B 6W1","251 rue Champlain","J3B 6W1","Saint-Jean-sur-Richelieu"," "," "," "," "," "," "," "," ","En magasin"," "," ",,,,,,,,,,,
"Aliments Naturels Pleine Lune","(450) 348-8238","495 Boulevard du Séminaire, Saint-Jean-sur-Richelieu, J3B 5L5","495 Boulevard du Séminaire","J3B 5L5","Saint-Jean-sur-Richelieu","En magasin","En magasin","En magasin","En magasin","En magasin"," "," ","En magasin","En magasin","En magasin","En magasin",,,,,,,,,,,
"Pasquier","(450) 349-3585 ","87 Boulevard Saint-Luc, Saint-Jean-sur-Richelieu, J2W 1E2","87 Boulevard Saint-Luc","J2W 1E2","Saint-Jean-sur-Richelieu"," "," "," "," ","En magasin"," "," "," ","En magasin"," ","En magasin",,,,,,,,,,,
"Centre De Santé La Mie","(450) 371-2828 ","53 Rue du Marché, Salaberry-de-Valleyfield, J6T 1P3","53 Rue du Marché","J6T 1P3","Salaberry-de-Valleyfield","En magasin","En magasin"," "," ","En magasin"," "," "," ","En magasin"," "," ",,,,,,,,,,,
"IGA","(450) 373-0251 ","1366 Boulevard Monseigneur-Langlois, Salaberry-de-Valleyfield, J6S 1E3","1366 Boulevard Monseigneur-Langlois","J6S 1E3","Salaberry-de-Valleyfield"," "," "," "," ","En magasin"," "," ","En magasin","En magasin","En magasin"," ",,,,,,,,,,,
"Provigo","(450) 455-6161 ","501 Avenue Saint-Charles, Vaudreuil-Dorion, J7V 8V9","501 Avenue Saint-Charles","J7V 8V9","Vaudreuil-Dorion"," ","En magasin"," "," ","En magasin"," "," "," ","En magasin"," "," ",,,,,,,,,,,
"Rachelle Béry","(450) 455-0612","1-22800 Chemin Dumberry, Vaudreuil-Dorion, J7V 0M8","1-22800 Chemin Dumberry","J7V 0M8","Vaudreuil-Dorion"," "," "," "," ","En magasin"," "," ","En magasin","En magasin"," "," ",,,,,,,,,,,
"Biotope Aliments Santé","(450) 218-7878 ","461 Avenue Saint-Charles, Vaudreuil-Dorion, J7V 2N4","461 Avenue Saint-Charles","J7V 2N4","Vaudreuil-Dorion","En magasin","En magasin"," "," ","En magasin"," "," ","En magasin","En magasin"," "," ",,,,,,,,,,,
"Aliments Naturels Fleur Sauvage","(514) 482-5193 ","5561 Monkland Ave, Montreal, H4A 1E1","5561 Monkland Ave","H4A 1E1","Montreal","En magasin"," "," "," ","En magasin"," "," "," ","En magasin"," "," ",,,,,,,,,,,
"Coop La Maison Verte","(514) 489-8000 ","5785 Sherbrooke St, Montreal, H4A 1X2","5785 Sherbrooke St","H4A 1X2","Montreal"," ","En magasin"," "," ","En magasin"," "," "," ","En magasin","En magasin","En magasin",,,,,,,,,,,
"Épicerie de Grand Pré","(438) 386-4800","4800 rue de Grand Pré, Montreal, H2T 1J6","4800 rue de Grand Pré","H2T 1J6","Montreal"," "," "," "," ","En magasin"," "," "," "," "," "," ",,,,,,,,,,,
"EXo Fruits","(514) 738-1384 ","5192 Côte-des-Neiges, Montreal, H3T 1Y1","5192 Côte-des-Neiges","H3T 1Y1","Montreal","En magasin"," "," "," "," "," "," "," "," "," "," ",,,,,,,,,,,
"Rachelle Béry","(514) 419-6885","7055 boul. St-Laurent, Montreal, H2S 3E3","7055 boul. St-Laurent","H2S 3E3","Montreal"," "," "," "," ","En magasin"," "," ","En magasin","En magasin"," ","En magasin",,,,,,,,,,,
"Marché de la Terre","(514) 374-8234","1951 rue Tillemont, Montreal, H2E 1C9","1951 rue Tillemont","H2E 1C9","Montreal","En magasin","En magasin"," "," ","En magasin"," "," "," ","En magasin"," "," ",,,,,,,,,,,
"La Pêche auX Fruits","(514) 903-6641","3273 rue Beaubien est. , Montreal, H1X 1G4","3273 rue Beaubien est. ","H1X 1G4","Montreal"," ","En magasin"," ","En magasin","En magasin"," ","En magasin","En magasin","En magasin","En magasin"," ",,,,,,,,,,,
"Provigo","(514) 481-6959 ","6600, St-Jacques, Montreal, H4B 1V8","6600, St-Jacques","H4B 1V8","Montreal"," "," "," "," ","En magasin"," "," "," ","En magasin"," "," ",,,,,,,,,,,
"Fruiterie et Épicerie St-Denis","(514)-276-3111","7682 rue St-Denis, Montreal, H2R 2E6","7682 rue St-Denis","H2R 2E6","Montreal","En magasin"," "," ","En magasin","En magasin"," "," "," "," "," "," ",,,,,,,,,,,
"Marché Adonis","(514) 905-6499","225 rue Peel, Montreal, H3C 2G6","225 rue Peel","H3C 2G6","Montreal","En magasin","En magasin","En magasin","En magasin","En magasin"," "," ","En magasin","En magasin","En magasin","En magasin",,,,,,,,,,,
"Marché Richelieu - O & R Dunn","(514) 484-8421 ","3824 Decarie Blvd, Montreal, H4A 3J7","3824 Decarie Blvd","H4A 3J7","Montreal","En magasin","En magasin","En magasin","En magasin","En magasin"," "," "," ","En magasin"," "," ",,,,,,,,,,,
"Nature Santé 2000","(514) 738-4638","5006 Queen Mary Rd, Montreal, H3W 1X2","5006 Queen Mary Rd","H3W 1X2","Montreal"," "," "," "," ","En magasin"," "," "," ","En magasin"," "," ",,,,,,,,,,,
"Healthtree","(514) 624-2896","3827 St Johns Blvd, Montreal, H9G 1X2","3827 St Johns Blvd","H9G 1X2","Montreal"," ","En magasin"," "," ","En magasin"," "," ","En magasin","En magasin"," "," ",,,,,,,,,,,
"Provigo","(514) 364-7168","6767 Newman Blvd, Montreal, H8N 3E4","6767 Newman Blvd","H8N 3E4","Montreal"," ","En magasin"," "," ","En magasin"," "," "," ","En magasin"," "," ",,,,,,,,,,,
"Club Organic","(514) 523-0223","4341 Rue Frontenac, Montreal, H2H 1S4","4341 Rue Frontenac","H2H 1S4","Montreal"," ","En magasin"," ","En magasin","En magasin"," "," ","En magasin","En magasin"," "," ",,,,,,,,,,,
"Couffin Bio","(514) 281-1113","355 Sherbrooke St W, Montreal, H3A 1B5","355 Sherbrooke St W","H3A 1B5","Montreal","En magasin","En magasin","En magasin","En magasin","En magasin"," "," ","En magasin","En magasin","En magasin","En magasin",,,,,,,,,,,
"Fruiterie Muscat Inc","(514) 284-6377","5000 St Denis St, Montreal, H2J 2L8","5000 St Denis St","H2J 2L8","Montreal","En magasin","En magasin"," ","En magasin","En magasin","En magasin","En magasin","En magasin","En magasin","En magasin","En magasin",,,,,,,,,,,
"Marché Richelieu","(514) 526-6996","3795 rue St-André, Montreal, H2L 3V6","3795 rue St-André","H2L 3V6","Montreal"," "," "," "," ","En magasin"," "," "," "," "," "," ",,,,,,,,,,,
"Fruits du Jour","(514) 522-0555","1655 Mount Royal E, Montreal, H2J 1Z6","1655 Mount Royal E","H2J 1Z6","Montreal"," "," "," "," ","En magasin","En magasin","En magasin","En magasin","En magasin","En magasin","En magasin",,,,,,,,,,,
"Jardin Du Plateau","(514) 521-9269","933 Mont-Royal Ave E, Montreal, H2J 1X3","933 Mont-Royal Ave E","H2J 1X3","Montreal"," "," "," "," ","En magasin"," "," "," ","En magasin"," "," ",,,,,,,,,,,
"Fruiterie Val-Mont","(514) 523-8212","2147 Mont-Royal Ave E, Montreal, H2H 1J9","2147 Mont-Royal Ave E","H2H 1J9","Montreal","En magasin","En magasin","En magasin","En magasin","En magasin"," "," ","En magasin","En magasin","En magasin","En magasin",,,,,,,,,,,
"Fruiterie Val-Mont","(514) 523-8060","1495 Mont-Royal Ave E, Montreal, H2J1Z1","1495 Mont-Royal Ave E","H2J1Z1","Montreal","En magasin","En magasin","En magasin","En magasin","En magasin"," "," ","En magasin","En magasin"," "," ",,,,,,,,,,,
"Marché Laurier","(514) 279-7979","377 Laurier Ave E, Montreal, H2T 1G7","377 Laurier Ave E","H2T 1G7","Montreal","En magasin","En magasin","En magasin","En magasin"," "," "," "," "," "," "," ",,,,,,,,,,,
"Provigo","(514) 849-8028","50 Mont-Royal Ave W, Montreal, H2T 2S3","50 Mont-Royal Ave W","H2T 2S3","Montreal"," ","En magasin"," "," ","En magasin"," "," "," ","En magasin"," "," ",,,,,,,,,,,
"Rachelle-Béry","(514) 849-4118","4810 St Laurent Blvd, Montreal, H2T 1R5","4810 St Laurent Blvd","H2T 1R5","Montreal"," "," "," "," ","En magasin"," "," "," "," "," "," ",,,,,,,,,,,
"Rachelle-Bery","(514) 524-0725","505 Rue Rachel E, Montreal, H2J 2H3","505 Rue Rachel E","H2J 2H3","Montreal"," "," "," "," ","En magasin"," "," ","En magasin","En magasin"," "," ",,,,,,,,,,,
"Provigo","(514) 257-4511","7600 Sherbrooke St E, Montreal, H1N 3W1","7600 Sherbrooke St E","H1N 3W1","Montreal"," ","En magasin"," "," ","En magasin"," "," "," ","En magasin"," "," ",,,,,,,,,,,
"Marché 4751","(514) 903-6775","4751 Rue Sainte-Catherine Est, Montreal, H1V 1Z2","4751 Rue Sainte-Catherine Est","H1V 1Z2","Montreal","En magasin","En magasin"," "," ","En magasin","En magasin","En magasin","En magasin"," ","En magasin"," ",,,,,,,,,,,
"Les Aliments Merci","(514) 899-1066","4445 Ontario St E, Montreal, H1V 3V3","4445 Ontario St E","H1V 3V3","Montreal","En magasin","En magasin","En magasin","En magasin","En magasin"," "," "," ","En magasin"," "," ",,,,,,,,,,,
"Aliments Merci","(514) 528-7295","3623 Ontario St E, Montreal, H1W 1R8","3623 Ontario St E","H1W 1R8","Montreal","En magasin","En magasin","En magasin","En magasin","En magasin"," "," "," ","En magasin"," "," ",,,,,,,,,,,
"Retour AuX Sources","(514) 351-4150","8833 Rue Hochelaga, Montreal, H1L 2N3","8833 Rue Hochelaga","H1L 2N3","Montreal"," "," ","En magasin","En magasin","En magasin"," "," "," ","En magasin"," "," ",,,,,,,,,,,
"MaXi & Cie","(514) 321-3111","10200 Pie-IX Blvd, Montreal, H1H 3Z1","10200 Pie-IX Blvd","H1H 3Z1","Montreal"," ","En magasin"," "," ","En magasin"," "," "," ","En magasin"," "," ",,,,,,,,,,,
"Mission Santé","(514) 272-9386","1138 Avenue Bernard, Montreal, H2V 1V3","1138 Avenue Bernard","H2V 1V3","Montreal"," "," "," "," ","En magasin","En magasin","En magasin","En magasin","En magasin","En magasin","En magasin",,,,,,,,,,,
"Provigo Le Marché","(514) 624-6369","4849 St Johns Blvd, Montreal, H9H 2A9","4849 St Johns Blvd","H9H 2A9","Montreal"," ","En magasin"," "," ","En magasin"," "," "," ","En magasin"," "," ",,,,,,,,,,,
"Les Marchés Tau","(514) 695-0828","2335 Trans-Canada Hwy, Montreal, H9R 4W3","2335 Trans-Canada Hwy","H9R 4W3","Montreal","En magasin","En magasin","En magasin","En magasin","En magasin"," "," ","En magasin","En magasinEn magasin","En magasin","En magasin",,,,,,,,,,,
"Tournesol Aliments Naturels","(514) 274-3629","1251 Rue Beaubien, Montreal, H2S 1V1","1251 Rue Beaubien","H2S 1V1","Montreal","En magasin","En magasin","En magasin","En magasin","En magasin"," "," "," ","En magasin"," "," ",,,,,,,,,,,
"Adonis","(514) 933-4747","2173 St-Catherine, Montreal, H3H 1M9","2173 St-Catherine","H3H 1M9","Montreal"," "," "," "," ","En magasin"," "," ","En magasin","En magasin","En magasin","En magasin",,,,,,,,,,,
"Provigo Le Marché","(514) 522-4442","2925 Rue Rachel , Montreal, H1W 3Z8","2925 Rue Rachel ","H1W 3Z8","Montreal"," ","En magasin"," "," ","En magasin"," "," "," ","En magasin"," "," ",,,,,,,,,,,
"Les Aliments Merci","(438) 380-2424","2815 Rue Masson, Montreal, H1Y 1W8","2815 Rue Masson","H1Y 1W8","Montreal","En magasin","En magasin"," "," ","En magasin"," "," "," ","En magasin"," "," ",,,,,,,,,,,
"Au Melon Miel","(514) 521-2458","2818 rue Masson, Montreal, H1Y 1W7","2818 rue Masson","H1Y 1W7","Montreal"," "," "," "," ","En magasin"," "," ","En magasin","En magasin","En magasin","En magasin",,,,,,,,,,,
"Aliments Merci","(514) 274-3962","282 Place du marché du nord, Montreal, H2S 1A1","282 Place du marché du nord","H2S 1A1","Montreal"," "," "," "," ","En magasin"," "," "," ","En magasin"," "," ",,,,,,,,,,,
"Alimentation Poivre & Sel","(514) 722-8600","3245 Rue Masson, Montreal, H1Y 1Y4","3245 Rue Masson","H1Y 1Y4","Montreal"," "," "," "," ","En magasin"," "," ","En magasin","En magasin"," ","En magasin",,,,,,,,,,,
"Fuiterie Roger","(514)522-2384","1832 Rue Laurier Est, Montreal, H2H 1B2","1832 Rue Laurier Est","H2H 1B2","Montreal"," ","En magasin"," "," "," "," "," "," "," "," "," ",,,,,,,,,,,
"Segal's Market","(514)845-4716","4001 boul. St-Laurent, Montreal, H2W 1Y4","4001 boul. St-Laurent","H2W 1Y4","Montreal","En magasin","En magasin","En magasin","En magasin","En magasin"," "," "," ","En magasin"," "," ",,,,,,,,,,,
"Fruiterie Mile-End","(514)278-5576","5686 Av. Du Parc, Montreal, H2V 4H1","5686 Av. Du Parc","H2V 4H1","Montreal"," "," "," "," ","En magasin"," "," "," "," "," "," ",,,,,,,,,,,
"Fruiterie du Plateau","(514) 842-1729","515 rue Roy , Montreal, H2L 1C9","515 rue Roy ","H2L 1C9","Montreal"," "," "," "," "," ","En magasin","En magasin"," "," "," "," ",,,,,,,,,,,
"La Pomme d'Api Épicerie Santé","(514) 727-1437","2599 Rosemont Blvd, Montreal, H1Y 1K6","2599 Rosemont Blvd","H1Y 1K6","Montreal"," "," "," "," ","En magasin"," "," ","En magasin","En magasin"," "," ",,,,,,,,,,,
"Marché 3 Piliers","(514) 563-1204","750 rue Gilford, Montreal, H2J 1N7","750 rue Gilford","H2J 1N7","Montreal"," "," ","En magasin","En magasin"," "," "," "," "," "," "," ",,,,,,,,,,,
"Fruiterie Valmont","(514) 523-8218","2147 avenu du Mont-Royal, Montreal, H2H 1J9","2147 avenu du Mont-Royal","H2H 1J9","Montreal","En magasin","En magasin","En magasin","En magasin","En magasin"," "," ","En magasin","En magasin","En magasin","En magasin",,,,,,,,,,,
"Pousse L'ananas","(514) 270-6873","6346 St Hubert St, Montreal, H2S 2M2","6346 St Hubert St","H2S 2M2","Montreal","En magasin"," ","En magasin"," ","En magasin"," "," "," ","En magasin"," "," ",,,,,,,,,,,
"Folie en vrac","(514) 526-3689","1254 St-Catherine Est, Montreal, H2L 2H2","1254 St-Catherine Est","H2L 2H2","Montreal"," "," "," "," ","En magasin"," "," ","En magasin","En magasin","En magasin","En magasin",,,,,,,,,,,
"Johanne Verdon","(514) 279-3709","1278 rue Jean-Talon, Montreal, H2R 1W3","1278 rue Jean-Talon","H2R 1W3","Montreal","En magasin","En magasin","En magasin","En magasin","En magasin","En magasin","En magasin","En magasin","En magasin","En magasin","En magasin",,,,,,,,,,,
"Fruiterie Lina","(514) 388-0884","8300 rue Julien, Montreal, H2P 2J3","8300 rue Julien","H2P 2J3","Montreal"," ","En magasin","En magasin","En magasin","En magasin"," "," ","En magasin","En magasin"," "," ",,,,,,,,,,,
"Bio Source","(514) 989-2200","1 Westmount, Montreal, H3Z 2P9","1 Westmount","H3Z 2P9","Montreal","En magasin","En magasin","En magasin","En magasin","En magasin"," "," ","En magasin","En magasin","En magasin","En magasin",,,,,,,,,,,
"Mouton Vert","(514) 369-3456","6000 Sherbrooke, Montreal, H4A 1X9","6000 Sherbrooke","H4A 1X9","Montreal"," "," "," "," ","En magasin"," "," "," ","En magasin"," "," ",,,,,,,,,,,
"Alfalfa","(514) 372-3689","7070 Rue Henri Julien Local C-1, Montreal, H2S 3S3","7070 Rue Henri Julien Local C-1","H2S 3S3","Montreal","En magasin","En magasin","En magasin"," ","En magasin"," "," "," ","En magasin"," "," ",,,,,,,,,,,
"PA Nature","(514) 271-8788","5029 av. Du Parc, Montreal, H2V 4E9","5029 av. Du Parc","H2V 4E9","Montreal"," "," "," "," ","En magasin"," "," "," ","En magasin","En magasin","En magasin",,,,,,,,,,,
"Les Marchés Tau","(514) 843-4420","4238 St Denis St, Montreal, H2J 2K8","4238 St Denis St","H2J 2K8","Montreal","En magasin","En magasin"," ","En magasin","En magasin"," "," "," ","En magasin"," "," ",,,,,,,,,,,
"Branche D'Olivier","(514) 938-1818","3439 Notre Dame, Montreal, H4C 1P4","3439 Notre Dame","H4C 1P4","Montreal","En magasin"," "," "," "," "," "," ","En magasin","En magasin","En magasin"," ",,,,,,,,,,,
"Couffin Bio","(438) 380-5184","5184 Côte-des-Neiges, Montreal, H3T 1Y2","5184 Côte-des-Neiges","H3T 1Y2","Montreal"," ","En magasin","En magasin","En magasin","En magasin"," "," ","En magasin","En magasin","En magasin","En magasin",,,,,,,,,,,
"Branche D'Olivier","(514) 768-5930","4342 Wellington St, Montreal, H4G 1W4","4342 Wellington St","H4G 1W4","Montreal","En magasin","En magasin","En magasin","En magasin","En magasin"," "," "," ","En magasin"," "," ",,,,,,,,,,,
"IGA","(514) 932-8155","2600 Mullins Street, Montreal, H3K 3G8","2600 Mullins Street","H3K 3G8","Montreal","En magasin","En magasin"," "," "," "," "," ","En magasin"," ","En magasin","En magasin",,,,,,,,,,,
"Rachelle Béry","(438) 382-9333","905 rue Fleury, Montreal, H2C 2J8","905 rue Fleury","H2C 2J8","Montreal"," "," "," "," ","En magasin"," "," ","En magasin","En magasin","En magasin"," ",,,,,,,,,,,
"Marché Station 54","(514) 508-8830","760 boul. Rosemont, Montreal, H2S 0A7","760 boul. Rosemont","H2S 0A7","Montreal","En magasin","En magasin","En magasin","En magasin","En magasin"," ","En magasin"," ","En magasin"," ","En magasin",,,,,,,,,,,
"Gourmet Frutti","(514) 525-3036","1251 Boul de Maisonneuve, Montreal, H2L 2A2","1251 Boul de Maisonneuve","H2L 2A2","Montreal"," "," "," "," ","En magasin"," "," "," "," "," ","En magasin",,,,,,,,,,,
"Fruiterie Du Petit St-Jacques","(514) 598-9449","1907 Amherst St, Montreal, H2L 3L8","1907 Amherst St","H2L 3L8","Montreal"," "," "," "," ","En magasin"," "," "," ","En magasin"," "," ",,,,,,,,,,,
"Fruiterie Tsikinis","(514) 277-8629","661 Rue Jarry E,, Montreal, H2P 1W1","661 Rue Jarry E,","H2P 1W1","Montreal","En magasin","En magasin","En magasin","En magasin","En magasin"," ","En magasin","En magasin","En magasin"," "," ",,,,,,,,,,,
"Provigo Le Marché","(514) 948-2600","375 Rue Jean-Talon Ouest, Montreal, H3N 2Y8","375 Rue Jean-Talon Ouest","H3N 2Y8","Montreal"," ","En magasin"," "," ","En magasin"," "," "," ","En magasin"," "," ",,,,,,,,,,,
"Provigo Le Marché","(819) 682-4433","375 Chemin d'Aylmer, Gatineau, J9H 1A5","375 Chemin d'Aylmer","J9H 1A5","Gatineau"," "," "," "," ","En magasin"," "," "," ","En magasin"," "," ",,,,,,,,,,,
"La Boîte à grains","(819) 243-3002","325 Boulevard Gréber, Gatineau, J8T 8J3","325 Boulevard Gréber","J8T 8J3","Gatineau","En magasin","En magasin"," "," ","En magasin"," "," ","En magasin","En magasin","En magasin","En magasin",,,,,,,,,,,
"Sol Natural Foods","(819) 684-0512","186 Avenue de la Colline, Gatineau, J9J 1S6","186 Avenue de la Colline","J9J 1S6","Gatineau"," "," "," "," ","En magasin"," "," ","En magasin","En magasin","En magasin","En magasin",,,,,,,,,,,
"La Boîte à grains","(819) 777-3001","25 boul. Du Plateau, Gatineau, J9A 3G1","25 boul. Du Plateau","J9A 3G1","Gatineau"," ","En magasin"," ","En magasin","En magasin"," "," ","En magasin","En magasin","En magasin","En magasin",,,,,,,,,,,
"La Brulerie","(819) 778-0109","69 boul. St-Joseph, Gatineau, J8Y 3W2","69 boul. St-Joseph","J8Y 3W2","Gatineau"," "," "," "," "," "," "," ","En magasin"," ","En magasin"," ",,,,,,,,,,,
"Café Mulligan","(819) 557-9777","1491 Principale, Gatineau, J9H 3M7","1491 Principale","J9H 3M7","Gatineau"," "," "," "," ","En magasin"," "," "," "," "," "," ",,,,,,,,,,,
"La Boîte à grains","(819) 771-3000","581 Boulevard Saint-Joseph, Gatineau, J8Y 4A6","581 Boulevard Saint-Joseph","J8Y 4A6","Gatineau","En magasin","En magasin"," ","En magasin","En magasin"," "," ","En magasin","En magasin","En magasin","En magasin",,,,,,,,,,,
"Provigo","(819) 777-2747","1 Boulevard du Plateau, Gatineau, J9A 3G1","1 Boulevard du Plateau","J9A 3G1","Gatineau"," "," "," "," ","En magasin"," "," "," ","En magasin"," "," ",,,,,,,,,,,
"Metro","(418) 662-3611","370 avenue Begin Sud, Alma, G8B 2W8","370 avenue Begin Sud","G8B 2W8","Alma"," "," "," "," ","En magasin"," "," "," ","En magasin"," "," ",,,,,,,,,,,
"Bizz Magazine D'Alimentation","(418) 549-1112","271 Rue Ste Famille, Chicoutimi, G7H 4J5","271 Rue Ste Famille","G7H 4J5","Chicoutimi"," "," "," "," ","En magasin"," "," ","En magasin","En magasin","En magasin","En magasin",,,,,,,,,,,
"Le Garde Manger","(418)696-1597","1415 Rue Des Champs-Élysées, Chicoutimi, G7H 6J2","1415 Rue Des Champs-Élysées","G7H 6J2","Chicoutimi","En magasin","En magasin","En magasin","En magasin","En magasin"," "," ","En magasin","En magasin","En magasin"," ",,,,,,,,,,,
"Provigo","(418) 690-0063","1155 Boulevard Talbot, Chicoutimi, G7H 4B5","1155 Boulevard Talbot","G7H 4B5","Chicoutimi"," ","En magasin"," "," ","En magasin"," "," "," ","En magasin"," "," ",,,,,,,,,,,
"Soleil Le Vent","(418) 547-6227","2425 Rue Saint Dominique, Jonquière, G7X 6L1","2425 Rue Saint Dominique","G7X 6L1","Jonquière"," "," ","En magasin"," ","En magasin","En magasin"," "," ","En magasin"," "," ",,,,,,,,,,,
"Tau","(514) 787-0077","7373 Boul. Sanglier, St-Léonard , H1S 1V1","7373 Boul. Sanglier","H1S 1V1","St-Léonard ","En magasin","En magasin","En magasin","En magasin","En magasin"," "," ","En magasin","En magasin","En magasin","En magasin",,,,,,,,,,,
"Chelsea Freshsmart","(819)-827-8001","528 route 105, Chelsea, J9B 1K5","528 route 105","J9B 1K5","Chelsea"," "," "," "," ","En magasin"," "," ","En magasin"," "," "," ",,,,,,,,,,,
"Wakefield General store","(819)459-2808","804 chemin Riverside, Wakefield, J0X 3G0","804 chemin Riverside","J0X 3G0","Wakefield"," "," "," "," "," ","En magasin"," "," "," "," "," ",,,,,,,,,,,
"Métro","(418)856-3827","615 1ère rue, La Pocatière, G0R 1Z0","615 1ère rue","G0R 1Z0","La Pocatière","En magasin","En magasin","En magasin","En magasin","En magasin"," "," "," "," "," "," ",,,,,,,,,,,
"Métro","(418) 547-6611","2350 rue St-Hubert, Saguenay, G7X 5N4","2350 rue St-Hubert","G7X 5N4","Saguenay","En magasin","En magasin","En magasin","En magasin","En magasin","En magasin","En magasin","En magasin","En magasin","En magasin","En magasin",,,,,,,,,,,
"Épicerie Santé Tout Vert Tout Pur","(819) 623-3533","608 boul. Albiny-Paquette, Mont Laurier, J9L 1L4","608 boul. Albiny-Paquette","J9L 1L4","Mont Laurier"," "," "," "," ","En magasin"," "," ","En magasin"," "," "," ",,,,,,,,,,,
"L'Essentielle","(819)623-5873","532 Rue de la Madone, Mont Laurier, J9L 1S5","532 Rue de la Madone","J9L 1S5","Mont Laurier"," ","En magasin"," "," ","En magasin"," "," ","En magasin","En magasin"," "," ",,,,,,,,,,,
"La Belle Verte","(819) 293-5056","130 boul. Louis Fréchette, Nicolet, J3I 1C3","130 boul. Louis Fréchette","J3I 1C3","Nicolet"," "," "," "," ","En magasin"," "," ","En magasin"," "," "," ",,,,,,,,,,,
"IGA","(418) 862-7861","254 boul. De l'hotel de ville, Rivière du Loup, G5R 1M4","254 boul. De l'hotel de ville","G5R 1M4","Rivière du Loup"," "," "," "," ","En magasin"," "," "," ","En magasin"," "," ",,,,,,,,,,,
"Jardins des Druidesses","(819) 874-0002","1122 8e rue, Val d'Or, J9P 1S8","1122 8e rue","J9P 1S8","Val d'Or"," "," "," "," "," "," "," ","En magasin","En magasin","En magasin"," ",,,,,,,,,,,
"Bio Sattvia","(819) 320-0668","1340 Rte 117, Val David, J0T 2N0","1340 Rte 117","J0T 2N0","Val David"," ","En magasin"," "," ","En magasin"," "," ","En magasin"," "," "," ",,,,,,,,,,,
"Bourassa Alimentation","(450) 434-1707","17605 rue Charles, Mirabel, J7J 0L6","17605 rue Charles","J7J 0L6","Mirabel","En magasin","En magasin","En magasin","En magasin","En magasin"," "," "," ","En magasin"," "," ",,,,,,,,,,,
"Sensée épicerie spécialisée","(849) 731-3337","2108 105e Avenu, Shawinigan, G9P 1N8","2108 105e Avenu","G9P 1N8","Shawinigan"," ","En magasin","En magasin","En magasin","En magasin"," "," "," ","En magasin"," "," ",,,,,,,,,,,
"Panier Santé Dame Nature","(450) 773-5225","1480 Rue des Cascades, St-Hyacinthe, J2S 3H5","1480 Rue des Cascades","J2S 3H5","St-Hyacinthe","En magasin"," "," "," ","En magasin"," "," ","En magasin","En magasin","En magasin"," ",,,,,,,,,,,
"Papillon Aliments en Vrac","(514) 697-5157","313 boul. St-Jean, Pointe-Claire, H9R 3J1","313 boul. St-Jean","H9R 3J1","Pointe-Claire","En magasin","En magasin","En magasin"," ","En magasin"," "," ","En magasin","En magasin","En magasin","En magasin",,,,,,,,,,,
"Douce Nature","(450) 836-7601","553 rue Montcalm, Berthierville, J0K 1A0","553 rue Montcalm","J0K 1A0","Berthierville"," "," "," "," ","En magasin"," "," ","En magasin"," "," "," ",,,,,,,,,,,
"IGA","(450) 621-2266","50 Montée Gagnon, Bois-des-Filion, J6Z 2L1","50 Montée Gagnon","J6Z 2L1","Bois-des-Filion"," "," "," "," ","En magasin"," "," "," ","En magasin","En magasin"," ",,,,,,,,,,,
"Les Arpents Vert","(450) 467-2140","245 rue Duvernay, Beloeil, J3G 2M3","245 rue Duvernay","J3G 2M3","Beloeil"," ","En magasin","En magasin"," ","En magasin"," "," "," ","En magasin"," "," ",,,,,,,,,,,
"Boucherie JB Allard","(418) 836-9696","221 Rte Marie-Victorin, St-Nicolas, G7A 2W9","221 Rte Marie-Victorin","G7A 2W9","St-Nicolas"," "," "," "," ","En magasin"," "," "," "," "," "," ",,,,,,,,,,,
"Santé en Vrac","(819) 523-7333","332 rue St-Joseph, Latuque, G9X 1L2","332 rue St-Joseph","G9X 1L2","Latuque"," "," "," "," ","En magasin"," "," "," ","En magasin"," "," ",,,,,,,,,,,
"Adonis","(514) 493-6667","7250 boul. Des Roseraies, Anjou, H1M 2T5","7250 boul. Des Roseraies","H1M 2T5","Anjou","En magasin","En magasin","En magasin","En magasin","En magasin"," "," ","En magasin","En magasin","En magasin","En magasin",,,,,,,,,,,
"Go Organique!","(514) 697-9900","3260 rue Jean-Yves, Kirkland, H9J 2R6","3260 rue Jean-Yves","H9J 2R6","Kirkland","En magasin","En magasin","En magasin","En magasin","En magasin"," "," ","En magasin","En magasin","En magasin","En magasin",,,,,,,,,,,
"Provigo","(514) 426-3005","16900 Aut. Transcanadienne, Kirkland, H9H 4M7","16900 Aut. Transcanadienne","H9H 4M7","Kirkland"," ","En magasin"," "," ","En magasin"," "," "," ","En magasin"," "," ",,,,,,,,,,,
"Métro","(418) 665-4473","375 boul. Decomporté, La Malbaie, G5A 1H9","375 boul. Decomporté","G5A 1H9","La Malbaie"," "," "," "," ","En magasin"," "," "," "," "," "," ",,,,,,,,,,,
"Provigo","(450) 653-0433","1402 rue Roberval, St-Bruno-de-Montarville, J3V 5J2","1402 rue Roberval","J3V 5J2","St-Bruno-de-Montarville"," ","En magasin"," "," ","En magasin"," "," "," ","En magasin"," "," ",,,,,,,,,,,
"Métro","(418) 364-7380","686 boul. Perron, Carleton, G0C 1J0","686 boul. Perron","G0C 1J0","Carleton"," "," "," "," ","En magasin"," "," "," ","En magasin"," "," ",,,,,,,,,,,
"Dans mon Bocal","(450) 745-0201","42 rue Morin, St-Adèle, J8B 2M4","42 rue Morin","J8B 2M4","St-Adèle","En magasin"," "," "," "," "," "," "," ","En magasin","En magasin","En magasin",,,,,,,,,,,
